{"cameraMode":{"drawMode":0,"name":"Shaded","section":"Shading Mode"},"sceneLighting":true,"audioPlay":false,"sceneViewState":{"showFog":true,"showMaterialUpdate":false,"showSkybox":true,"showFlares":true,"showImageEffects":true,"showParticleSystems":true},"in2DMode":false,"pivot":{"x":2.312614679336548,"y":0.5734067559242249,"z":0.032630760222673419},"rotation":{"x":0.12070421129465103,"y":0.6885647177696228,"z":-0.11784321814775467,"w":0.7052916288375855},"size":2.5584208965301515,"orthographic":false}